day,model,normal_rows,attack_rows,TN,FP,FN,TP,recall,FPR,balanced_accuracy,decision_disagreement_vs_B
2019-04-26,A_lr,91561,3821342,90511,1050,2894544,926798,0.24253207381071884,0.011467764659625823,0.6155321545755466,0.030154082531562883
2019-04-26,A_dt,91561,3821342,82364,9197,3010327,811015,0.21223303226981516,0.10044669673769399,0.5558931677660606,0.17846775143672103
2019-04-26,A_mlp_float,91561,3821342,80726,10835,2641955,1179387,0.3086316273183609,0.11833640960671028,0.5951476088558253,0.35169310356019556
2019-04-26,A_mlp_int8,91561,3821342,82423,9138,3059690,761652,0.19931531906853667,0.09980231758062931,0.5497565007439537,0.47117983757839127
2019-04-26,B_lr,91561,3821342,90332,1229,2781325,1040017,0.2721601468803368,0.01342274549207632,0.6293687006941302,0.0
2019-04-26,B_dt,91561,3821342,91052,509,3695634,125708,0.032896296641336996,0.00555913543976147,0.5136685806007878,0.0
2019-04-26,B_mlp_float,91561,3821342,90811,750,1392465,2428877,0.6356083805113492,0.008191260471161302,0.8137085600200938,0.0
2019-04-26,B_mlp_int8,91561,3821342,90880,681,1415718,2405624,0.6295233454634523,0.0074376645078144624,0.8110428404778189,0.0
2019-04-26,lr_stale_threshold,91561,3821342,91548,13,3689975,131367,0.034377190002883806,0.00014198184816679592,0.5171176040773585,0.23252965892586655
2019-04-26,lr_stale_scaler,91561,3821342,90663,898,2942144,879198,0.23007571685549214,0.009807669204137132,0.6101340238256775,0.0413984195365947
2019-04-26,lr_stale_scaler_threshold,91561,3821342,91548,13,3688189,133153,0.03484456507687613,0.00014198184816679592,0.5173512916143547,0.23207322031749827
2019-04-26,mlp_float_stale_threshold,91561,3821342,81817,9744,1179434,2641908,0.6913560733375866,0.10642085604132764,0.7924676086481295,0.056741759251379344
2019-04-26,mlp_float_stale_scaler,91561,3821342,90806,755,1421437,2399905,0.6280267508116258,0.008245868874302377,0.8098904409686618,0.010135441640132659
2019-04-26,mlp_float_stale_scaler_threshold,91561,3821342,81781,9780,1300432,2520910,0.6596923279832059,0.10681403654394338,0.7764391457196312,0.028136910115073133
2019-04-26,mlp_int8_stale_threshold,91561,3821342,90907,654,1469999,2351343,0.6153186498355814,0.007142779130852655,0.8040879353523643,0.013879209374727664
2019-04-26,mlp_int8_stale_scaler,91561,3821342,90883,678,1528428,2292914,0.6000284716730405,0.007404899465929818,0.7963117861035554,0.05726668920747588
2019-04-26,mlp_int8_stale_scaler_threshold,91561,3821342,90929,632,2519786,1301556,0.3406018095213671,0.006902502157031924,0.6668496536821676,0.28404051927686425
2019-04-26,mlp_int8_stale_input_quantization,91561,3821342,90818,743,1464231,2357111,0.6168280672078029,0.008114808706763796,0.8043566292505195,0.044441428780626555
2019-04-26,mlp_int8_stale_integer_threshold_code,91561,3821342,90849,712,1386452,2434890,0.6371819114855461,0.007776236607289129,0.8147028374391285,0.007487279904459681
2019-04-26,dt_stale_threshold,91561,3821342,90686,875,1431589,2389753,0.625370092496301,0.009556470549688187,0.8079068109733064,0.578703586569869
2019-04-26,lr_compatible_probability,91561,3821342,90332,1229,2781325,1040017,0.2721601468803368,0.01342274549207632,0.6293687006941302,0.0
2019-04-26,lr_compatible_decision,91561,3821342,90332,1229,2781325,1040017,0.2721601468803368,0.01342274549207632,0.6293687006941302,0.0
2019-04-26,mlp_float_compatible_first_layer,91561,3821342,90811,750,1392465,2428877,0.6356083805113492,0.008191260471161302,0.8137085600200938,0.0
2019-04-26,mlp_int8_compatible_requantized,91561,3821342,76388,15173,1330793,2490549,0.6517472134135076,0.16571466017190725,0.7430162766208002,0.054951783880152406
2019-04-27,A_lr,48578,2658325,48354,224,2528901,129424,0.048686296822247094,0.004611140845650294,0.5220375779882983,0.0024677648220124623
2019-04-27,A_dt,48578,2658325,48324,254,2556974,101351,0.03812588754196722,0.005228704351764173,0.5164485915951015,0.03754105706780036
2019-04-27,A_mlp_float,48578,2658325,48167,411,1753081,905244,0.3405317258047831,0.008460620033760139,0.6660355528855114,0.28630357275454643
2019-04-27,A_mlp_int8,48578,2658325,48464,114,2538615,119710,0.04503211608813821,0.002346741323232739,0.5213426873824527,0.06116658040572566
2019-04-27,B_lr,48578,2658325,47067,1511,2534230,124095,0.046681651039658434,0.031104615257935692,0.5077885178908613,0.0
2019-04-27,B_dt,48578,2658325,48573,5,2657579,746,0.0002806278389587428,0.00010292725101897978,0.5000888502939699,0.0
2019-04-27,B_mlp_float,48578,2658325,48295,283,2502095,156230,0.0587700901883705,0.005825682407674256,0.5264722038903481,0.0
2019-04-27,B_mlp_int8,48578,2658325,48385,193,2442848,215477,0.08105743278192094,0.00397299188933262,0.5385422204462942,0.0
2019-04-27,lr_stale_threshold,48578,2658325,48528,50,2585221,73104,0.02750002351104549,0.0010292725101897979,0.5132353755004279,0.01937712581499965
2019-04-27,lr_stale_scaler,48578,2658325,46957,1621,2533464,124861,0.04696980241317371,0.03336901478035325,0.5068003938164103,0.0003450437640358742
2019-04-27,lr_stale_scaler_threshold,48578,2658325,48527,51,2581909,76416,0.02874592083360763,0.0010498579603935938,0.513848031436607,0.018153217902525505
2019-04-27,mlp_float_stale_threshold,48578,2658325,48027,551,1691452,966873,0.3637151213640168,0.011342583062291573,0.6761862691508627,0.299571502931579
2019-04-27,mlp_float_stale_scaler,48578,2658325,48293,285,2508200,150125,0.05647353126498829,0.005866853308081847,0.5253033389784532,0.003034094683112029
2019-04-27,mlp_float_stale_scaler_threshold,48578,2658325,48030,548,1787866,870459,0.3274464183273302,0.011280826711680184,0.658082795807825,0.2639939443711134
2019-04-27,mlp_int8_stale_threshold,48578,2658325,48405,173,2451428,206897,0.07782983645716758,0.0035612828852567007,0.5371342767859555,0.003177062495405266
2019-04-27,mlp_int8_stale_scaler,48578,2658325,48391,187,2501135,157190,0.05913121984708416,0.003849479188109844,0.5276408703294871,0.027713959458466005
2019-04-27,mlp_int8_stale_scaler_threshold,48578,2658325,48408,170,2553008,105317,0.03961780444452804,0.0034995265346453126,0.5180591389549414,0.044438607515673814
2019-04-27,mlp_int8_stale_input_quantization,48578,2658325,48285,293,2431700,226625,0.08525105094373336,0.006031536909712216,0.5396097570170106,0.026813668609477325
2019-04-27,mlp_int8_stale_integer_threshold_code,48578,2658325,48353,225,1845319,813006,0.3058339367835009,0.00463172629585409,0.6506011052438233,0.2207544932345193
2019-04-27,dt_stale_threshold,48578,2658325,48362,216,2509256,149069,0.05607628864040326,0.004446457244019927,0.5258149156981916,0.054872302406107645
2019-04-27,lr_compatible_probability,48578,2658325,47067,1511,2534230,124095,0.046681651039658434,0.031104615257935692,0.5077885178908613,0.0
2019-04-27,lr_compatible_decision,48578,2658325,47067,1511,2534230,124095,0.046681651039658434,0.031104615257935692,0.5077885178908613,0.0
2019-04-27,mlp_float_compatible_first_layer,48578,2658325,48295,283,2502095,156230,0.0587700901883705,0.005825682407674256,0.5264722038903481,0.0
2019-04-27,mlp_int8_compatible_requantized,48578,2658325,36484,12094,2345163,313162,0.11780425643967536,0.2489604347647083,0.4344219108374835,0.05099998042042881
2019-04-28,A_lr,230871,346350,194766,36105,41527,304823,0.8801010538472643,0.15638603375911223,0.861857510044076,0.48694174328376827
2019-04-28,A_dt,230871,346350,196819,34052,63974,282376,0.8152908907174823,0.14749362197937377,0.8338986343690542,0.07304308055320233
2019-04-28,A_mlp_float,230871,346350,163467,67404,62008,284342,0.8209672296809586,0.29195524773574855,0.7645059909726051,0.133014911099908
2019-04-28,A_mlp_int8,230871,346350,157004,73867,332688,13662,0.03944564746643569,0.31994923572038064,0.3597482058730276,0.6429357213268402
2019-04-28,B_lr,230871,346350,187094,43777,314188,32162,0.09285982387758049,0.18961671236318117,0.45162155575719964,0.0
2019-04-28,B_dt,230871,346350,229703,1168,73248,273102,0.7885145084452144,0.005059102269232602,0.891727703087991,0.0
2019-04-28,B_mlp_float,230871,346350,229225,1646,72985,273365,0.7892738559260863,0.007129522547223341,0.8910721666894315,0.0
2019-04-28,B_mlp_int8,230871,346350,228905,1966,64703,281647,0.8131860834416054,0.00851557796345145,0.902335252739077,0.0
2019-04-28,lr_stale_threshold,230871,346350,200020,30851,315206,31144,0.08992060054857803,0.13362873639391695,0.4781459320773305,0.02415712526051547
2019-04-28,lr_stale_scaler,230871,346350,187054,43817,41143,305207,0.8812097589143929,0.1897899692902097,0.8457098948120916,0.4731030229322911
2019-04-28,lr_stale_scaler_threshold,230871,346350,199983,30888,315183,31167,0.08998700736249458,0.13378899905141833,0.4780990041555382,0.024053178938396213
2019-04-28,mlp_float_stale_threshold,230871,346350,159924,70947,50595,295755,0.8539194456474665,0.3073014800472991,0.7733089828000836,0.1588490370239475
2019-04-28,mlp_float_stale_scaler,230871,346350,229436,1435,72986,273364,0.7892709686733074,0.006215592257147931,0.8915276882080798,0.0004331096754969067
2019-04-28,mlp_float_stale_scaler_threshold,230871,346350,160507,70364,50595,295755,0.8539194456474665,0.30477626033585853,0.7745715926558039,0.15784249013809268
2019-04-28,mlp_int8_stale_threshold,230871,346350,228915,1956,64704,281646,0.8131831961888263,0.008472263731694322,0.902355466228566,1.9056825721863896e-05
2019-04-28,mlp_int8_stale_scaler,230871,346350,229907,964,73966,272384,0.7864414609499062,0.004175491941387182,0.8911329845042595,0.017870105211002373
2019-04-28,mlp_int8_stale_scaler_threshold,230871,346350,229916,955,73967,272383,0.7864385736971272,0.004136509132805766,0.8911510322821606,0.01785624570138647
2019-04-28,mlp_int8_stale_input_quantization,230871,346350,230590,281,73061,273289,0.7890544247148837,0.0012171299123753092,0.8939186474012543,0.017689931585995657
2019-04-28,mlp_int8_stale_integer_threshold_code,230871,346350,228888,1983,64700,281650,0.8131947451999423,0.00858921215743857,0.902302766521252,3.464877403975254e-05
2019-04-28,dt_stale_threshold,230871,346350,194843,36028,62678,283672,0.8190327703190414,0.15605251417458235,0.8314901280722296,0.07870469023129789
2019-04-28,lr_compatible_probability,230871,346350,187094,43777,314188,32162,0.09285982387758049,0.18961671236318117,0.45162155575719964,0.0
2019-04-28,lr_compatible_decision,230871,346350,187094,43777,314188,32162,0.09285982387758049,0.18961671236318117,0.45162155575719964,0.0
2019-04-28,mlp_float_compatible_first_layer,230871,346350,229225,1646,72985,273365,0.7892738559260863,0.007129522547223341,0.8910721666894315,0.0
2019-04-28,mlp_int8_compatible_requantized,230871,346350,149106,81765,51037,295313,0.8526432799191569,0.3541588159621607,0.749242231978498,0.16196742668752523
2019-04-29,A_lr,30221,235623,28042,2179,1102,234521,0.9953230372247192,0.07210218060289203,0.9616104283109136,0.8836610944764599
2019-04-29,A_dt,30221,235623,23260,6961,1091,234532,0.9953697219711148,0.2303365209622448,0.882516600504435,0.02620709890010683
2019-04-29,A_mlp_float,30221,235623,23370,6851,924,234699,0.9960784813027591,0.22669666787995102,0.8846909067114042,0.004551541505544605
2019-04-29,A_mlp_int8,30221,235623,24183,6038,235537,86,0.0003649898354574893,0.19979484464445255,0.40028507259550244,0.8862678864296354
2019-04-29,B_lr,30221,235623,28376,1845,235616,7,2.9708474979097965e-05,0.06105026306210913,0.469489722706435,0.0
2019-04-29,B_dt,30221,235623,30194,27,1102,234521,0.9953230372247192,0.0008934184838357434,0.9972148093704417,0.0
2019-04-29,B_mlp_float,30221,235623,24271,5950,1029,234594,0.9956328541780726,0.1968829621786175,0.8993749459997276,0.0
2019-04-29,B_mlp_int8,30221,235623,24273,5948,1048,234575,0.9955522168888437,0.19681678303166672,0.8993677169285885,0.0
2019-04-29,lr_stale_threshold,30221,235623,28748,1473,235620,3,1.2732203562470556e-05,0.04874094172926111,0.4756358952371507,0.0014143633108138608
2019-04-29,lr_stale_scaler,30221,235623,28280,1941,1107,234516,0.9953018168854484,0.06422686211574732,0.9655374773848505,0.8826116068069996
2019-04-29,lr_stale_scaler_threshold,30221,235623,28575,1646,235620,3,1.2732203562470556e-05,0.05446543794050495,0.4727736471315288,0.0007636057236574833
2019-04-29,mlp_float_stale_threshold,30221,235623,23456,6765,753,234870,0.9968042169058199,0.22385096456106682,0.8864766261723765,0.004103910564090219
2019-04-29,mlp_float_stale_scaler,30221,235623,24306,5915,1052,234571,0.995535240617427,0.19572482710697858,0.8999052067552242,0.001045726064910248
2019-04-29,mlp_float_stale_scaler_threshold,30221,235623,23641,6580,852,234771,0.9963840541882584,0.2177293934681182,0.8893273303600701,0.0031108469628804863
2019-04-29,mlp_int8_stale_threshold,30221,235623,24545,5676,1072,234551,0.9954503592603439,0.18781641904635848,0.9038169701069927,0.0011134349468109117
2019-04-29,mlp_int8_stale_scaler,30221,235623,24514,5707,3914,231709,0.9833887184188301,0.18884219582409584,0.8972732612973672,0.013011390138577512
2019-04-29,mlp_int8_stale_scaler_threshold,30221,235623,24737,5484,3922,231701,0.9833547658759968,0.1814632209390821,0.9009457724684573,0.013526729961932563
2019-04-29,mlp_int8_stale_input_quantization,30221,235623,24485,5736,1064,234559,0.9954843118031771,0.18980179345488238,0.9028412591741474,0.0024149501211236666
2019-04-29,mlp_int8_stale_integer_threshold_code,30221,235623,24127,6094,999,234624,0.9957601762136973,0.20164786075907482,0.8970561577273112,0.0007335128872571885
2019-04-29,dt_stale_threshold,30221,235623,22939,7282,1075,234548,0.9954376270567814,0.24095827404784753,0.877239676504467,0.02739200433336844
2019-04-29,lr_compatible_probability,30221,235623,28376,1845,235616,7,2.9708474979097965e-05,0.06105026306210913,0.469489722706435,0.0
2019-04-29,lr_compatible_decision,30221,235623,28376,1845,235616,7,2.9708474979097965e-05,0.06105026306210913,0.469489722706435,0.0
2019-04-29,mlp_float_compatible_first_layer,30221,235623,24271,5950,1029,234594,0.9956328541780726,0.1968829621786175,0.8993749459997276,0.0
2019-04-29,mlp_int8_compatible_requantized,30221,235623,23660,6561,1003,234620,0.9957431999422807,0.21710069157208564,0.8893212541850974,0.005770301379756549
