traffic_type,model,normal_rows,attack_rows,TN,FP,FN,TP,recall,FPR,balanced_accuracy,decision_disagreement_vs_B
normal,A_lr,401231,0,361673,39558,0,0,,0.09859158439901204,,0.02389147398879947
normal,A_dt,401231,0,350767,50464,0,0,,0.12577293379624208,,0.12156837333107362
normal,A_mlp_float,401231,0,315730,85501,0,0,,0.21309669492137945,,0.1925424506082531
normal,A_mlp_int8,401231,0,312074,89157,0,0,,0.22220865287079014,,0.21644140158661718
normal,B_lr,401231,0,352869,48362,0,0,,0.1205340564413019,,0.0
normal,B_dt,401231,0,399522,1709,0,0,,0.00425939172197562,,0.0
normal,B_mlp_float,401231,0,392602,8629,0,0,,0.021506314317687316,,0.0
normal,B_mlp_int8,401231,0,392443,8788,0,0,,0.021902594764611906,,0.0
normal,lr_stale_threshold,401231,0,368844,32387,0,0,,0.08071908700972756,,0.03981496943157433
normal,lr_stale_scaler,401231,0,352954,48277,0,0,,0.1203222084036378,,0.002280481817207544
normal,lr_stale_scaler_threshold,401231,0,368633,32598,0,0,,0.08124496860910548,,0.039289087832196416
normal,mlp_float_stale_threshold,401231,0,313224,88007,0,0,,0.21934247353768777,,0.19783615922000045
normal,mlp_float_stale_scaler,401231,0,392841,8390,0,0,,0.020910647482372997,,0.0014181356874219588
normal,mlp_float_stale_scaler_threshold,401231,0,313959,87272,0,0,,0.21751061109435713,,0.19605912803347697
normal,mlp_int8_stale_threshold,401231,0,392772,8459,0,0,,0.02108261824235914,,0.0008199765222527671
normal,mlp_int8_stale_scaler,401231,0,393695,7536,0,0,,0.018782197786312623,,0.00439646986399356
normal,mlp_int8_stale_scaler_threshold,401231,0,393990,7241,0,0,,0.01804696047912549,,0.004712995755562257
normal,mlp_int8_stale_input_quantization,401231,0,394178,7053,0,0,,0.017578402466409626,,0.006806552833654429
normal,mlp_int8_stale_integer_threshold_code,401231,0,392217,9014,0,0,,0.022465861311812895,,0.0005632665472009889
normal,dt_stale_threshold,401231,0,356830,44401,0,0,,0.11066193788615536,,0.10640254616417974
normal,lr_compatible_probability,401231,0,352869,48362,0,0,,0.1205340564413019,,0.0
normal,lr_compatible_decision,401231,0,352869,48362,0,0,,0.1205340564413019,,0.0
normal,mlp_float_compatible_first_layer,401231,0,392602,8629,0,0,,0.021506314317687316,,0.0
normal,mlp_int8_compatible_requantized,401231,0,285638,115593,0,0,,0.28809588491417665,,0.26855601885198305
ddos,A_lr,0,2652155,0,0,1930861,721294,0.27196525089974,,,0.04364940963103589
ddos,A_dt,0,2652155,0,0,1978751,673404,0.2539082368866073,,,0.20763077572766298
ddos,A_mlp_float,0,2652155,0,0,1709037,943118,0.3556044047199353,,,0.5030761776743817
ddos,A_mlp_int8,0,2652155,0,0,2080842,571313,0.21541463451419696,,,0.628930435815403
ddos,B_lr,0,2652155,0,0,1815618,836537,0.3154178394550846,,,0.0
ddos,B_dt,0,2652155,0,0,2529210,122945,0.04635664205146381,,,0.0
ddos,B_mlp_float,0,2652155,0,0,431743,2220412,0.8372104948617256,,,0.0
ddos,B_mlp_int8,0,2652155,0,0,454063,2198092,0.8287946971425124,,,0.0
ddos,lr_stale_threshold,0,2652155,0,0,2649233,2922,0.0011017455616281855,,,0.31431609389345644
ddos,lr_stale_scaler,0,2652155,0,0,1976445,675710,0.254777718496845,,,0.06082563047785668
ddos,lr_stale_scaler_threshold,0,2652155,0,0,2651567,588,0.00022170649905454244,,,0.3151961329560301
ddos,mlp_float_stale_threshold,0,2652155,0,0,261055,2391100,0.9015687243015585,,,0.0643582294398329
ddos,mlp_float_stale_scaler,0,2652155,0,0,460445,2191710,0.8263883521136585,,,0.014685416199279454
ddos,mlp_float_stale_scaler_threshold,0,2652155,0,0,349988,2302167,0.8680363704232973,,,0.03419898158290145
ddos,mlp_int8_stale_threshold,0,2652155,0,0,506092,2146063,0.8091770654430077,,,0.019617631699504742
ddos,mlp_int8_stale_scaler,0,2652155,0,0,564699,2087456,0.7870791865482976,,,0.08031280223063886
ddos,mlp_int8_stale_scaler_threshold,0,2652155,0,0,1466566,1185589,0.44702854848227197,,,0.3841023620414342
ddos,mlp_int8_stale_input_quantization,0,2652155,0,0,502859,2149296,0.8103960741359385,,,0.062077819735271884
ddos,mlp_int8_stale_integer_threshold_code,0,2652155,0,0,444187,2207968,0.8325184614021428,,,0.003723764259630376
ddos,dt_stale_threshold,0,2652155,0,0,470090,2182065,0.8227516868357996,,,0.7763950447843357
ddos,lr_compatible_probability,0,2652155,0,0,1815618,836537,0.3154178394550846,,,0.0
ddos,lr_compatible_decision,0,2652155,0,0,1815618,836537,0.3154178394550846,,,0.0
ddos,mlp_float_compatible_first_layer,0,2652155,0,0,431743,2220412,0.8372104948617256,,,0.0
ddos,mlp_int8_compatible_requantized,0,2652155,0,0,459422,2192733,0.8267740761757891,,,0.03992262895645239
backdoor,A_lr,0,508116,0,0,318,507798,0.9993741586566847,,,0.9988703366947704
backdoor,A_dt,0,508116,0,0,456,507660,0.9991025671303403,,,0.000224358217414921
backdoor,A_mlp_float,0,508116,0,0,300,507816,0.9994095836383818,,,1.7712490848546395e-05
backdoor,A_mlp_int8,0,508116,0,0,508107,9,1.7712490848546395e-05,,,0.9993485739476813
backdoor,B_lr,0,508116,0,0,507860,256,0.0005038219619142086,,,0.0
backdoor,B_dt,0,508116,0,0,570,507546,0.9988782089129254,,,0.0
backdoor,B_mlp_float,0,508116,0,0,307,507809,0.9993958072566107,,,0.0
backdoor,B_mlp_int8,0,508116,0,0,326,507790,0.9993584142203749,,,0.0
backdoor,lr_stale_threshold,0,508116,0,0,508116,0,0.0,,,0.0005038219619142086
backdoor,lr_stale_scaler,0,508116,0,0,326,507790,0.9993584142203749,,,0.9988545922584606
backdoor,lr_stale_scaler_threshold,0,508116,0,0,508116,0,0.0,,,0.0005038219619142086
backdoor,mlp_float_stale_threshold,0,508116,0,0,285,507831,0.9994391044564627,,,4.32971998520023e-05
backdoor,mlp_float_stale_scaler,0,508116,0,0,306,507810,0.9993977753111494,,,2.9520818080910657e-05
backdoor,mlp_float_stale_scaler_threshold,0,508116,0,0,284,507832,0.9994410725110014,,,4.920136346818443e-05
backdoor,mlp_int8_stale_threshold,0,508116,0,0,327,507789,0.9993564461658362,,,1.968054538727377e-06
backdoor,mlp_int8_stale_scaler,0,508116,0,0,6462,501654,0.9872824315707437,,,0.012115343740405734
backdoor,mlp_int8_stale_scaler_threshold,0,508116,0,0,6462,501654,0.9872824315707437,,,0.012115343740405734
backdoor,mlp_int8_stale_input_quantization,0,508116,0,0,322,507794,0.9993662864385298,,,3.1488872619638034e-05
backdoor,mlp_int8_stale_integer_threshold_code,0,508116,0,0,321,507795,0.9993682544930685,,,9.840272693636886e-06
backdoor,dt_stale_threshold,0,508116,0,0,206,507910,0.9995945807650222,,,0.0007163718520967653
backdoor,lr_compatible_probability,0,508116,0,0,507860,256,0.0005038219619142086,,,0.0
backdoor,lr_compatible_decision,0,508116,0,0,507860,256,0.0005038219619142086,,,0.0
backdoor,mlp_float_compatible_first_layer,0,508116,0,0,307,507809,0.9993958072566107,,,0.0
backdoor,mlp_int8_compatible_requantized,0,508116,0,0,295,507821,0.9994194239110754,,,6.1009690700548695e-05
mitm,A_lr,0,1052,0,0,1045,7,0.006653992395437262,,,0.0019011406844106464
mitm,A_dt,0,1052,0,0,1033,19,0.01806083650190114,,,0.014258555133079848
mitm,A_mlp_float,0,1052,0,0,870,182,0.17300380228136883,,,0.1758555133079848
mitm,A_mlp_int8,0,1052,0,0,966,86,0.0817490494296578,,,0.1150190114068441
mitm,B_lr,0,1052,0,0,1047,5,0.004752851711026616,,,0.0
mitm,B_dt,0,1052,0,0,1044,8,0.0076045627376425855,,,0.0
mitm,B_mlp_float,0,1052,0,0,973,79,0.07509505703422054,,,0.0
mitm,B_mlp_int8,0,1052,0,0,983,69,0.0655893536121673,,,0.0
mitm,lr_stale_threshold,0,1052,0,0,1049,3,0.0028517110266159697,,,0.0019011406844106464
mitm,lr_stale_scaler,0,1052,0,0,1047,5,0.004752851711026616,,,0.0
mitm,lr_stale_scaler_threshold,0,1052,0,0,1049,3,0.0028517110266159697,,,0.0019011406844106464
mitm,mlp_float_stale_threshold,0,1052,0,0,700,352,0.33460076045627374,,,0.25950570342205326
mitm,mlp_float_stale_scaler,0,1052,0,0,996,56,0.053231939163498096,,,0.04467680608365019
mitm,mlp_float_stale_scaler_threshold,0,1052,0,0,799,253,0.24049429657794677,,,0.16539923954372623
mitm,mlp_int8_stale_threshold,0,1052,0,0,1007,45,0.04277566539923954,,,0.022813688212927757
mitm,mlp_int8_stale_scaler,0,1052,0,0,1001,51,0.04847908745247148,,,0.06653992395437262
mitm,mlp_int8_stale_scaler_threshold,0,1052,0,0,1009,43,0.0408745247148289,,,0.058935361216730035
mitm,mlp_int8_stale_input_quantization,0,1052,0,0,1004,48,0.045627376425855515,,,0.06368821292775666
mitm,mlp_int8_stale_integer_threshold_code,0,1052,0,0,936,116,0.11026615969581749,,,0.04467680608365019
mitm,dt_stale_threshold,0,1052,0,0,1019,33,0.03136882129277566,,,0.02376425855513308
mitm,lr_compatible_probability,0,1052,0,0,1047,5,0.004752851711026616,,,0.0
mitm,lr_compatible_decision,0,1052,0,0,1047,5,0.004752851711026616,,,0.0
mitm,mlp_float_compatible_first_layer,0,1052,0,0,973,79,0.07509505703422054,,,0.0
mitm,mlp_int8_compatible_requantized,0,1052,0,0,947,105,0.09980988593155894,,,0.08935361216730038
password,A_lr,0,1718568,0,0,1404986,313582,0.18246703069066805,,,0.0012004180224465951
password,A_dt,0,1718568,0,0,1504970,213598,0.12428836100753651,,,0.1250465503838079
password,A_mlp_float,0,1718568,0,0,1360035,358533,0.2086231094725376,,,0.026694899474446167
password,A_mlp_int8,0,1718568,0,0,1446527,272041,0.15829516201861085,,,0.12889975840350804
password,B_lr,0,1718568,0,0,1407049,311519,0.18126661266822144,,,0.0
password,B_dt,0,1718568,0,0,1715741,2827,0.0016449741878121786,,,0.0
password,B_mlp_float,0,1718568,0,0,1401918,316650,0.18425223790970158,,,0.0
password,B_mlp_int8,0,1718568,0,0,1403194,315374,0.18350975928796534,,,0.0
password,lr_stale_threshold,0,1718568,0,0,1517960,200608,0.11672974243672639,,,0.06453687023149506
password,lr_stale_scaler,0,1718568,0,0,1407031,311537,0.18127708650457822,,,2.5602711094352973e-05
password,lr_stale_scaler_threshold,0,1718568,0,0,1511528,207040,0.12047239329488271,,,0.06079421937333873
password,mlp_float_stale_threshold,0,1718568,0,0,1337715,380853,0.22161066655494574,,,0.03735842864524418
password,mlp_float_stale_scaler,0,1718568,0,0,1402244,316324,0.18406254509568432,,,0.0004270997714376155
password,mlp_float_stale_scaler_threshold,0,1718568,0,0,1389003,329565,0.19176721549569176,,,0.007565019248583705
password,mlp_int8_stale_threshold,0,1718568,0,0,1406393,312175,0.18164832581544635,,,0.001861433472518981
password,mlp_int8_stale_scaler,0,1718568,0,0,1405567,313001,0.18212895852826305,,,0.008387797282388594
password,mlp_int8_stale_scaler_threshold,0,1718568,0,0,1542928,175640,0.10220136765027628,,,0.08198104468371342
password,mlp_int8_stale_input_quantization,0,1718568,0,0,1402531,316037,0.1838955455937734,,,0.00699012200855596
password,mlp_int8_stale_integer_threshold_code,0,1718568,0,0,1377109,341459,0.19868809380833344,,,0.01517833452036812
password,dt_stale_threshold,0,1718568,0,0,1402609,315959,0.1838501589695607,,,0.18220518478174852
password,lr_compatible_probability,0,1718568,0,0,1407049,311519,0.18126661266822144,,,0.0
password,lr_compatible_decision,0,1718568,0,0,1407049,311519,0.18126661266822144,,,0.0
password,mlp_float_compatible_first_layer,0,1718568,0,0,1401918,316650,0.18425223790970158,,,0.0
password,mlp_int8_compatible_requantized,0,1718568,0,0,1293276,425292,0.24746882288044464,,,0.0675620632992119
ransomware,A_lr,0,72805,0,0,41266,31539,0.43319826934963257,,,0.00506833321887233
ransomware,A_dt,0,72805,0,0,63576,9229,0.12676327175331364,,,0.12581553464734566
ransomware,A_mlp_float,0,72805,0,0,61762,11043,0.1516791429160085,,,0.15070393516928782
ransomware,A_mlp_int8,0,72805,0,0,59152,13653,0.18752832909827621,,,0.3023418721241673
ransomware,B_lr,0,72805,0,0,40897,31908,0.4382666025685049,,,0.0
ransomware,B_dt,0,72805,0,0,72736,69,0.0009477371059679967,,,0.0
ransomware,B_mlp_float,0,72805,0,0,72734,71,0.0009752077467206923,,,0.0
ransomware,B_mlp_int8,0,72805,0,0,64442,8363,0.11486848430739648,,,0.0
ransomware,lr_stale_threshold,0,72805,0,0,41661,31144,0.4277728178009752,,,0.010493784767529702
ransomware,lr_stale_scaler,0,72805,0,0,40877,31928,0.4385413089760319,,,0.0002747064075269556
ransomware,lr_stale_scaler_threshold,0,72805,0,0,41638,31167,0.4280887301696312,,,0.010177872398873704
ransomware,mlp_float_stale_threshold,0,72805,0,0,50363,22442,0.30824805988599685,,,0.30727285213927613
ransomware,mlp_float_stale_scaler,0,72805,0,0,72736,69,0.0009477371059679967,,,2.7470640752695558e-05
ransomware,mlp_float_stale_scaler_threshold,0,72805,0,0,50364,22441,0.3082343245656205,,,0.3072591168188998
ransomware,mlp_int8_stale_threshold,0,72805,0,0,64442,8363,0.11486848430739648,,,0.0
ransomware,mlp_int8_stale_scaler,0,72805,0,0,70417,2388,0.03279994505871849,,,0.08206853924867798
ransomware,mlp_int8_stale_scaler_threshold,0,72805,0,0,70418,2387,0.03278620973834215,,,0.08208227456905433
ransomware,mlp_int8_stale_input_quantization,0,72805,0,0,72799,6,8.241192225808667e-05,,,0.11495089622965456
ransomware,mlp_int8_stale_integer_threshold_code,0,72805,0,0,64442,8363,0.11486848430739648,,,0.0
ransomware,dt_stale_threshold,0,72805,0,0,62528,10277,0.14115788750772612,,,0.14021015040175813
ransomware,lr_compatible_probability,0,72805,0,0,40897,31908,0.4382666025685049,,,0.0
ransomware,lr_compatible_decision,0,72805,0,0,40897,31908,0.4382666025685049,,,0.0
ransomware,mlp_float_compatible_first_layer,0,72805,0,0,72734,71,0.0009752077467206923,,,0.0
ransomware,mlp_int8_compatible_requantized,0,72805,0,0,50798,22007,0.30227319552228554,,,0.18745965249639449
xss,A_lr,0,2108944,0,0,2087598,21346,0.010121653301367889,,,0.002528279556024247
xss,A_dt,0,2108944,0,0,2083580,25364,0.012026872216616467,,,0.012062909209538043
xss,A_mlp_float,0,2108944,0,0,1325964,782980,0.37126637786494093,,,0.36065111259473936
xss,A_mlp_int8,0,2108944,0,0,2070936,38008,0.018022289828463912,,,0.05200375164063152
xss,B_lr,0,2108944,0,0,2092888,16056,0.007613288925642407,,,0.0
xss,B_dt,0,2108944,0,0,2108262,682,0.00032338459437519443,,,0.0
xss,B_mlp_float,0,2108944,0,0,2060899,48045,0.022781543748909408,,,0.0
xss,B_mlp_int8,0,2108944,0,0,2001309,107635,0.051037391225181895,,,0.0
xss,lr_stale_threshold,0,2108944,0,0,2108003,941,0.00044619487288424917,,,0.007167094052758158
xss,lr_stale_scaler,0,2108944,0,0,2092132,16812,0.007971762171020188,,,0.000385026819109469
xss,lr_stale_scaler_threshold,0,2108944,0,0,2107003,1941,0.0009203658323786692,,,0.006692923093263738
xss,mlp_float_stale_threshold,0,2108944,0,0,1272116,836828,0.3967995356917965,,,0.37401799194288704
xss,mlp_float_stale_scaler,0,2108944,0,0,2066948,41996,0.01991328361492766,,,0.0038336722075123855
xss,mlp_float_stale_scaler_threshold,0,2108944,0,0,1349307,759637,0.3601978051574627,,,0.33746936855601667
xss,mlp_int8_stale_threshold,0,2108944,0,0,2008942,100002,0.04741804429136098,,,0.0036193469338209076
xss,mlp_int8_stale_scaler,0,2108944,0,0,2059297,49647,0.023541165626019468,,,0.03389848189425608
xss,mlp_int8_stale_scaler_threshold,0,2108944,0,0,2063300,45644,0.021643059275163305,,,0.03411328133890706
xss,mlp_int8_stale_input_quantization,0,2108944,0,0,1990541,118403,0.0561432641170178,,,0.03295203665910522
xss,mlp_int8_stale_integer_threshold_code,0,2108944,0,0,1410475,698469,0.331193715907108,,,0.28015632468192614
xss,dt_stale_threshold,0,2108944,0,0,2068146,40798,0.019345226805453346,,,0.019021842211078152
xss,lr_compatible_probability,0,2108944,0,0,2092888,16056,0.007613288925642407,,,0.0
xss,lr_compatible_decision,0,2108944,0,0,2092888,16056,0.007613288925642407,,,0.0
xss,mlp_float_compatible_first_layer,0,2108944,0,0,2060899,48045,0.022781543748909408,,,0.0
xss,mlp_int8_compatible_requantized,0,2108944,0,0,1923258,185686,0.08804690878468087,,,0.04958927311488593
