index,B_decision,export_decision,exact_ideal_logit,rigorous_error_bound,code_lower,code_upper,export_code,certified_agreement
0,0,0,-8.370991805190968,77.48795007638198,-127,127,-34,False
1,0,0,-0.011926313238179657,75.32152585805677,-127,127,5,False
2,0,0,-2.478576885674524,66.35363385853651,-127,127,-4,False
3,0,0,-0.026240960913657588,75.51791899417417,-127,127,5,False
4,0,0,-2.4893448079564964,66.16015455864598,-127,127,-4,False
5,0,0,-0.04044501146147864,75.7127947672912,-127,127,5,False
6,0,0,-2.500029632008262,65.96816837763197,-127,127,-4,False
7,0,0,-0.05454153702407774,75.90619532638009,-127,127,5,False
8,0,0,-2.510632123712126,65.77766155397289,-127,127,-4,False
9,0,0,-0.06853053760145487,76.09812067144084,-127,127,5,False
10,0,0,-2.521154963656161,65.58858592240716,-127,127,-4,False
11,0,0,-0.08241662140726241,76.28863402593181,-127,127,5,False
12,0,0,-2.5315981518403667,65.40094148321164,-127,127,-4,False
13,0,0,-0.09619825237028291,76.40218781452214,-127,127,-1,False
14,0,0,-2.5419636029705073,65.21469383258847,-127,127,-4,False
15,0,0,-0.10987799060921212,76.21819182703004,-127,127,-1,False
16,0,0,-0.12345788421900665,76.03553877545589,-127,127,-1,False
17,0,0,-2.5624643575978197,65.51292587673204,-127,127,-4,False
18,0,0,-0.1369389572471448,75.85421488604725,-127,127,-1,False
19,0,0,-0.15032325778858321,75.67419261140174,-127,127,-1,False
20,0,0,-2.5826660351846176,65.88383647708757,-127,127,-4,False
21,0,0,-0.16361027381958268,75.49547883836993,-127,127,-1,False
22,0,0,-2.591501399952544,66.06734212096947,-127,127,-4,False
23,0,0,-0.17680410153005646,75.31801847214707,-127,127,-1,False
24,0,0,-2.5992167631512912,66.24958913415406,-127,127,-4,False
25,0,0,-0.18990422889626538,75.1418183994027,-127,127,-1,False
26,0,0,-2.6068767315552046,66.43052764952145,-127,127,-4,False
27,0,0,-0.20291270401316605,74.96685107309649,-127,127,-1,False
28,0,0,-2.614483687736105,66.61021394664466,-127,127,-4,False
29,0,0,-0.2158295268807585,74.79311649304744,-127,127,-1,False
30,0,0,-2.6220364404080816,66.78861988559167,-127,127,-4,False
31,0,0,-0.2286577696414776,74.62057333801349,-127,127,-1,False
32,0,0,-2.6295367765,66.9657876760872,-127,127,-4,False
33,0,0,-0.24139794431906253,74.44921472103346,-127,127,-1,False
34,0,0,-2.6369852916548164,67.14173138795884,-127,127,-4,False
35,0,0,-0.2540510749609916,74.27902686904264,-127,127,-1,False
36,0,0,-2.6443831771584403,67.31647916096529,-127,127,-4,False
37,0,0,-0.2666181856147431,74.10999600795238,-127,127,-1,False
38,0,0,-0.2791003003277953,73.94210836406145,-127,127,-1,False
39,0,0,-0.2914994671951049,73.77533638980184,-127,127,-1,False
40,0,0,-0.30381568621667177,73.60968008550485,-127,127,-1,False
41,0,0,-0.31605100548745263,73.44511190350977,-127,127,-1,False
42,0,0,-0.32820644905492574,73.28161807024296,-127,127,-1,False
43,0,0,-2.6877328801522196,68.34045608743637,-127,127,-4,False
44,0,0,-0.34028201691909116,73.11919858572728,-127,127,-1,False
45,0,0,-2.6947912491713772,68.5071840351116,-127,127,-4,False
46,0,0,-0.3522797571749054,72.95782590250256,-127,127,-1,False
47,0,0,-2.701803753682985,68.6728286030121,-127,127,-4,False
48,0,0,-0.36420120589358596,72.79747935996036,-127,127,-1,False
49,0,0,-0.3760448270039154,72.63817961876582,-127,127,-1,False
50,0,0,-2.7156935517553684,69.00092387827277,-127,127,-4,False
51,0,0,-0.3878142046720678,72.47987847090806,-127,127,-1,False
52,0,0,-2.722572036602055,69.1634027256358,-127,127,-4,False
53,0,0,-0.3995098509217822,72.32256902953648,-127,127,-1,False
54,0,0,-2.7294070395130117,69.32485447243525,-127,127,-4,False
55,0,0,-0.4111312537293196,72.1662581815017,-127,127,-1,False
56,0,0,-2.736198560488239,69.48527911879754,-127,127,-4,False
57,1,1,1.982770688964065,69.4054508222649,-127,127,15,False
58,0,0,-0.42267994916589735,72.0109252662519,-127,127,-1,False
59,0,0,-0.43415798532647215,71.85654273638471,-127,127,-1,False
60,0,0,-2.7496547304892345,69.8031315295173,-127,127,-4,False
61,0,0,-0.44556485018730474,71.7031174787507,-127,127,-1,False
62,0,0,-0.45690207981961267,71.55062883265967,-127,127,-1,False
63,0,0,-2.7629453117486835,70.11707251656182,-127,127,-4,False
64,0,0,-0.46817121029461334,71.39905613783667,-127,127,-1,False
65,0,0,-2.769530144618455,70.27261491838037,-127,127,-4,False
66,0,0,-0.4793707055410893,71.24842005469507,-127,127,-1,False
67,0,0,-2.776074473767273,70.42720056910677,-127,127,-4,False
68,0,0,-0.49050414972521467,71.09867237528069,-127,127,-1,False
69,0,0,-0.5015705187995111,70.94982687329471,-127,127,-1,False
70,0,0,-2.789045194759778,70.73358603649716,-127,127,-4,False
71,0,0,-0.512571348835196,70.80186288818534,-127,127,-1,False
72,0,0,-2.7954727778893758,70.88541399289913,-127,127,-4,False
73,0,0,-0.5235076638797477,70.65476664625137,-127,127,-1,False
74,0,0,-2.8018616442268853,71.03632740781597,-127,127,-4,False
75,0,0,-0.5343794639331663,70.50853814749284,-127,127,-1,False
76,0,0,-2.8082135807011723,71.18636849110965,-127,127,-4,False
77,0,0,-0.54518777304293,70.36316361811586,-127,127,-1,False
78,0,0,-0.5559341272802563,70.21862239775396,-127,127,-1,False
79,0,0,-2.8208054727741683,71.4838055218659,-127,127,-4,False
80,0,0,-0.5666175025976669,70.07492826001568,-127,127,-1,False
81,0,0,-2.827046619658787,71.63122960927022,-127,127,-4,False
82,0,0,-2.833252027966094,71.77780950467283,-127,127,-4,False
83,1,1,1.8664654397130942,71.7711737536584,-127,127,15,False
84,0,0,-0.5983051157425787,69.64872173702459,-127,127,-1,False
85,0,0,-2.845556820134682,72.06846485851884,-127,127,-4,False
86,0,0,-0.6087393240104296,69.50826814984418,-127,127,-1,False
87,0,0,-2.8516567996389184,72.21255438696964,-127,127,-4,False
88,0,0,-0.6191119663702425,69.36859440085009,-127,127,-1,False
89,0,0,-2.8577228274947077,72.35584193288733,-127,127,-4,False
90,0,0,-0.6294263067268495,69.22970572277694,-127,127,-1,False
91,0,0,-2.8637543080590953,72.4983134264029,-127,127,-4,False
92,0,0,-0.6396833679224124,69.09158834240036,-127,127,-1,False
93,0,0,-2.869753028260947,72.64001107712335,-127,127,-4,False
94,0,0,-0.6498846842201733,68.95422159983416,-127,127,-1,False
95,0,0,-0.6600292327779708,68.81761926850439,-127,127,-1,False
96,0,0,-0.6701195707012085,68.68174691535171,-127,127,-1,False
97,0,0,-2.886618483454195,73.06040291918852,-127,127,-4,False
98,0,0,-0.680154675147725,68.54661831341085,-127,127,-1,False
99,0,0,-2.892173428336451,73.1990093283359,-127,127,-4,False
100,0,0,-0.6901355689596818,68.41221968972776,-127,127,-1,False
101,0,0,-0.7000632749792404,68.27853727110639,-127,127,-1,False
102,0,0,-2.9031936585500264,73.47398497080545,-127,127,-4,False
103,0,0,-0.7099377932064007,68.14557105748895,-127,127,-1,False
104,0,0,-2.9086595077778927,73.6103682744158,-127,127,-4,False
105,0,0,-0.7197596350622436,68.01331416228889,-127,127,-1,False
106,0,0,-2.9140960343853264,73.7460199230393,-127,127,-4,False
107,0,0,-4.32809707583097,68.77260788961885,-127,127,-15,False
108,0,0,-0.7295298233889305,67.88175281233305,-127,127,-1,False
109,0,0,-2.919503802268875,73.8809539871298,-127,127,-4,False
110,0,0,-0.739249381028623,67.75087323444828,-127,127,-1,False
111,0,0,-2.924883375325085,74.01518453664417,-127,127,-4,False
112,0,0,-0.7489172851391596,67.62068920175103,-127,127,-1,False
113,0,0,-2.93023418965741,74.14869750145988,-127,127,-4,False
114,0,0,-0.7585350699837824,67.49118005459496,-127,127,-1,False
115,0,0,-2.935557373058942,74.28152102215336,-127,127,-4,False
116,0,0,-0.7681032469835722,67.36233890633682,-127,127,-1,False
117,0,0,-2.940852925529683,74.41365509872458,-127,127,-4,False
118,0,0,-0.7776228389806907,67.23415198371076,-127,127,-1,False
119,0,0,-0.787093334554057,67.1066261734887,-127,127,-1,False
120,0,0,-2.9513628293684295,74.67589713036492,-127,127,-4,False
121,0,0,-0.7965152451247517,66.9797545889914,-127,127,-1,False
122,0,0,-2.956576616839888,74.80599101528426,-127,127,-4,False
123,0,0,-0.8058901049560173,66.85351657043842,-127,127,-1,False
124,0,0,-2.961765028966742,74.93545173709576,-127,127,-4,False
125,0,0,-0.815217402626773,66.72791900445776,-127,127,-1,False
126,0,0,-2.9669263740593514,75.06423708507323,-127,127,-4,False
127,0,0,-0.8244976495580995,66.60295500444212,-127,127,-1,False
128,0,0,-2.9720623438073557,75.19238927008129,-127,127,-4,False
129,0,0,-2.977172374314208,75.31989422183175,-127,127,-4,False
130,0,0,-0.8429200597289495,66.35488638274725,-127,127,-1,False
131,0,0,-2.9822564655799093,75.44675194041722,-127,127,-4,False
132,0,0,-0.8520637572317151,66.23176110112745,-127,127,-1,False
133,0,0,-2.9873157453975523,75.57299056622885,-127,127,-4,False
134,0,0,-0.8611614268372131,66.10925561251959,-127,127,-1,False
135,0,0,-2.992350777663684,75.69862416964749,-127,127,-4,False
136,0,0,-0.8702151142297665,65.98734237035731,-127,127,-1,False
137,0,0,-2.9973598706886646,75.82361053980851,-127,127,-4,False
138,0,0,-0.8792248194093751,65.8660213746406,-127,127,-1,False
139,0,0,-0.8881910537971198,65.74528573878288,-127,127,-1,False
140,0,0,-0.8971138173930007,65.62513546278417,-127,127,-1,False
141,0,0,-3.012243356144179,76.19498172679828,-127,127,-4,False
142,1,1,1.6369306773482872,75.93027546647004,-127,127,15,False
143,0,0,-0.9059936216180983,65.50556365991943,-127,127,-1,False
144,0,0,-3.017156586756208,76.31757614796376,-127,127,-4,False
145,0,0,-0.9148309778934935,65.38656344387897,-127,127,-1,False
146,0,0,-3.0269125609119194,76.56100620426861,-127,127,-4,False
147,0,0,-0.9323809037005805,65.1502433389227,-127,127,-1,False
148,0,0,-3.031755868352149,76.68185590969617,-127,127,-4,False
149,0,0,-0.9410939846533529,65.03291656342032,-127,127,-1,False
150,0,0,-3.0365760560339603,76.80212873330716,-127,127,-4,False
151,0,0,-0.9497651290775038,64.96360722612295,-127,127,-1,False
152,0,0,-3.041374251750448,76.921852815678,-127,127,-4,False
153,0,0,-0.9583968940784366,65.08217674117823,-127,127,-1,False
154,0,0,-0.9669887682350709,65.20019829900076,-127,127,-1,False
155,0,0,-3.050902411701263,76.69192955843077,-127,127,-11,False
156,0,0,-0.975539728705245,65.31765784940508,-127,127,-1,False
157,0,0,-0.9840533554365242,65.4346045680403,-127,127,-1,False
158,0,0,-3.060342603790782,76.46168940688379,-127,127,-11,False
159,0,0,-0.9925265799024239,65.55099630435004,-127,127,-1,False
160,0,0,-3.065030275784102,76.34736013265824,-127,127,-11,False
161,0,0,-1.0009614477872673,65.66686115884364,-127,127,-1,False
162,0,0,-1.009358470512135,65.78220615659193,-127,127,-1,False
163,0,0,-1.0177171366559463,65.8970242721307,-127,127,-1,False
164,0,0,-1.026037957639782,66.01132253080763,-127,127,-1,False
165,0,0,-3.083568374759249,75.89522794320374,-127,127,-11,False
166,0,0,-1.0343214448847227,66.12510795771546,-127,127,-1,False
167,0,0,-3.0881505980983226,75.78347049314276,-127,127,-11,False
168,0,0,1.5020608083250337,74.66855568269985,-127,127,5,False
169,0,0,-1.0425691326540107,66.23840162813235,-127,127,-1,False
170,0,0,-1.050779486684404,66.35118246678014,-127,127,-1,False
171,0,0,-1.0589540412391447,66.46347154897624,-127,127,-1,False
172,0,0,-3.1017754664614405,75.45116880616598,-127,127,-11,False
173,0,0,-1.0670922848971518,66.57526184954945,-127,127,-1,False
174,0,0,1.469822769660533,74.23494579517691,-127,127,5,False
175,0,0,-1.0751947290795063,66.68656039363174,-127,127,-1,False
176,0,0,-1.0832623966283699,66.79738123140854,-127,127,-1,False
177,0,0,-3.1152210157226845,75.12324059557605,-127,127,-11,False
178,0,0,-1.0912942647015804,66.90771031269442,-127,127,-1,False
179,0,0,-3.1196633927181585,75.014893906974,-127,127,-11,False
180,0,0,-1.0992923789834617,67.01757573788099,-127,127,-1,False
181,0,0,1.4381351565156213,73.80873927202015,-127,127,5,False
182,0,0,-1.107255205210771,67.12695643164867,-127,127,-1,False
183,0,0,-3.1284917570544293,74.79957583680975,-127,127,-11,False
184,0,0,-1.115185300488912,67.23588751948176,-127,127,-1,False
185,0,0,-3.1328771804986792,74.69261820817954,-127,127,-11,False
186,0,0,-1.123080619133562,67.34434090100939,-127,127,-1,False
187,0,0,-1.1309421839868823,67.45233062641701,-127,127,-1,False
188,0,0,1.4069810721069058,73.38970884735272,-127,127,5,False
189,0,0,-1.1387705064699538,67.55986372079732,-127,127,-1,False
190,0,0,-1.146566098003857,67.66694720924309,-127,127,-1,False
191,0,0,-1.1543299814307537,67.77359514199642,-127,127,-1,False
192,0,0,-3.1545262967223704,74.16461032942729,-127,127,-11,False
193,0,0,-1.162060111066321,67.87977941857305,-127,127,-1,False
194,0,0,-3.1588017603399994,74.06033454966328,-127,127,-11,False
195,0,0,1.3763415715560385,72.97759970753681,-127,127,5,False
196,0,0,-1.1697585325948812,67.98552813940059,-127,127,-1,False
197,0,0,-1.177425246016435,68.09084130447901,-127,127,-1,False
198,0,0,-1.1850597399099014,68.19571188871559,-127,127,-1,False
199,0,0,-3.1715210108490006,73.75012029358138,-127,127,-11,False
200,0,0,-1.192663037117442,68.30015394229581,-127,127,-1,False
201,0,0,-3.1757254235017367,73.64757740068762,-127,127,-11,False
202,0,0,-1.2002361604812182,68.4041815154051,-127,127,-1,False
203,0,0,-1.2077775757379878,68.50777353276527,-127,127,-1,False
204,0,0,-1.215288817150993,68.61095106965452,-127,127,-1,False
205,0,0,-1.2227688618780723,68.71370007602583,-127,127,-1,False
206,0,0,-3.192373905148649,73.24153175012327,-127,127,-11,False
207,0,0,1.3165412950129753,72.17327065228422,-127,127,5,False
208,0,0,-1.230219244182468,68.8160416268805,-127,127,-1,False
209,0,0,-3.196493733319369,73.14105181778935,-127,127,-11,False
210,0,0,-1.2376404754852608,68.91798274744971,-127,127,-1,False
211,0,0,-1.24503204436537,69.01951641264073,-127,127,-1,False
212,0,0,-3.20468433066124,72.94128847024619,-127,127,-11,False
213,0,0,-1.252392927980634,69.12062857239452,-127,127,-1,False
214,0,0,1.2873492855726911,71.78063063911036,-127,127,5,False
215,0,0,-1.2597256834364567,69.22135435192187,-127,127,-1,False
216,0,0,-3.212809516003685,72.74312047881263,-127,127,-11,False
217,0,0,-1.2670297993117574,69.32168672625647,-127,127,-1,False
218,0,0,-3.2168475791751234,72.64463474168654,-127,127,-11,False
219,0,0,-1.2743042527643744,69.42161164521288,-127,127,-1,False
220,0,0,-1.28155057805755,69.52115018406927,-127,127,-1,False
221,0,0,1.2586099051178175,71.39407860172716,-127,127,5,False
222,0,0,-1.2887687751912842,69.62030234288342,-127,127,-1,False
223,0,0,-1.3031212964015095,69.81745454518885,-127,127,-1,False
224,0,0,-3.236803877965403,72.15791357979148,-127,127,-11,False
225,0,0,1.2303093290073974,71.01342859544533,-127,127,5,False
226,0,0,-1.3173633506582922,70.01308932746515,-127,127,-1,False
227,0,0,-1.3314969836459556,70.2072347900832,-127,127,-1,False
228,0,0,-1.3455237296277418,70.39991200832121,-127,127,-1,False
229,0,0,-3.2602473130009244,71.58614343089168,-127,127,-11,False
230,0,0,-1.3594446114458123,70.59113503236462,-127,127,-1,False
231,0,0,1.174972875422263,70.26913910380226,-127,127,5,False
232,0,0,-3.283164632558307,71.02720489681244,-127,127,-11,False
233,0,0,1.1479113967605912,69.90515527591764,-127,127,5,False
234,0,0,-1.400589460234475,71.15631779257262,-127,127,-1,False
235,0,0,-3.290690395871533,70.84365641926952,-127,127,-11,False
236,0,0,-1.4141042737144285,71.34196289299037,-127,127,-1,False
237,0,0,1.1212400801881532,69.54641922814768,-127,127,5,False
238,0,0,-1.4275208943468776,71.52625917560442,-127,127,-1,False
239,0,0,-1.4408403449739835,71.70922069073869,-127,127,-1,False
240,0,0,-3.3129411897106302,70.30097401440169,-127,127,-11,False
241,0,0,1.0949461251114707,69.19275878936148,-127,127,5,False
242,0,0,-1.4540651827011506,71.89088256357992,-127,127,-1,False
243,0,0,-1.4671959189494592,72.07125181935929,-127,127,-1,False
244,0,0,-3.3275100208930453,69.94564968757727,-127,127,-11,False
245,0,0,1.0690208271269774,68.84405688287978,-127,127,5,False
246,0,0,-1.4802345994032324,72.25035655844769,-127,127,-1,False
247,0,0,-3.3347177465538915,69.76985794173929,-127,127,-11,False
248,0,0,-1.4931817354835508,72.42820380593788,-127,127,-1,False
249,0,0,1.0434529217124127,68.50016199810386,-127,127,5,False
250,0,0,-1.5060393728747379,72.60482166220075,-127,127,-1,False
251,0,0,-3.356038674987361,69.24985434995916,-127,127,-11,False
252,0,0,1.018232680416732,68.16094328502278,-127,127,5,False
253,0,0,-1.5314892201162016,72.95441135165757,-127,127,-1,False
254,0,0,-1.5440850099140435,73.12743236044395,-127,127,-1,False
255,0,0,0.9933513988363702,67.82628366703791,-127,127,5,False
256,0,0,-1.5565948809703192,73.2992731536521,-127,127,-1,False
257,0,0,-1.5690208789693514,73.46996183165292,-127,127,-1,False
