model,q_threshold,normal_rows,attack_rows,false_positives,true_positives,row_FPR,row_recall,all_vector_weight_FPR,all_vector_weight_recall,distinct_normal_vectors,distinct_normal_FP_vectors,normal_only_vector_FPR,target_score,target_probability,target_prediction,target_false_positives
A_dt,,2088,100000,14,22174,0.006704980842911878,0.22174,0.006913718295687595,0.04025464103253212,1593,11,0.006905210295040804,,0.006408040877431631,0,0
A_lr,,2088,100000,5,28274,0.0023946360153256703,0.28274,0.003142599225312543,0.08609771404211213,1593,5,0.003138731952291274,,0.835854172706604,0,0
A_mlp_float,,2088,100000,29,36407,0.013888888888888888,0.36407,0.015086955649725304,0.19965937441769338,1593,25,0.015693659761456372,,0.008426317013800144,0,0
A_mlp_int8,8,2088,100000,18,23071,0.008620689655172414,0.23071,0.0075447175089752025,0.04073273669608553,1593,13,0.008160703075957313,-38,1.750151028545588e-07,0,0
B_dt,,2088,100000,2,6,0.0009578544061302681,6e-05,0.0012570396901250172,8.965398893659714e-05,1593,2,0.0012554927809165098,,0.013689754530787468,0,0
B_lr,,2088,100000,11,32228,0.005268199233716475,0.32228,0.003771119070375052,0.14509003876239304,1593,6,0.003766478342749529,,0.8007177114486694,0,0
B_mlp_float,,2088,100000,20,73953,0.009578544061302681,0.73953,0.012570396901250173,0.7612968470551147,1593,20,0.012554927809165096,,0.021838534623384476,0,0
B_mlp_int8,10,2088,100000,19,73531,0.009099616858237548,0.73531,0.011941877056187664,0.7253605398230286,1593,19,0.011927181418706842,5,0.8154802322387695,0,0
dt_stale_threshold,,2088,100000,24,70661,0.011494252873563218,0.70661,0.013829915959600288,0.6751841317374047,1593,23,0.014438166980539862,,0.013689754530787468,0,0
lr_compatible_decision,,2088,100000,11,32228,0.005268199233716475,0.32228,0.003771119070375052,0.14509003876239304,1593,6,0.003766478342749529,,0.8878682851791382,0,0
lr_compatible_probability,,2088,100000,11,32228,0.005268199233716475,0.32228,0.003771119070375052,0.14509003876239304,1593,6,0.003766478342749529,,0.8007177114486694,0,0
lr_stale_scaler,,2088,100000,58,26847,0.027777777777777776,0.26847,0.004399638915437561,0.06478994933818087,1593,7,0.004394224733207784,,0.8077138066291809,0,0
lr_stale_scaler_threshold,,2088,100000,0,20,0.0,0.0002,0.0,0.00029884662978865717,1593,0,0.0,,0.8077138066291809,0,0
lr_stale_threshold,,2088,100000,0,21,0.0,0.00021,0.0,0.00031378896127809,1593,0,0.0,,0.8007177114486694,0,0
mlp_float_compatible_first_layer,,2088,100000,20,73953,0.009578544061302681,0.73953,0.012570396901250173,0.7612968470551147,1593,20,0.012554927809165096,,0.021838586777448654,0,0
mlp_float_stale_scaler,,2088,100000,17,72046,0.008141762452107279,0.72046,0.010684837366062646,0.7329064172251922,1593,17,0.010671688637790333,,0.014194026589393616,0,0
mlp_float_stale_scaler_threshold,,2088,100000,79,78431,0.037835249042145594,0.78431,0.04651294790285073,0.7888205627145415,1593,75,0.047080979284369114,,0.014194026589393616,0,0
mlp_float_stale_threshold,,2088,100000,68,83209,0.032567049808429116,0.83209,0.03959922960716314,0.8601851379080728,1593,64,0.040175768989328314,,0.021838534623384476,0,0
mlp_int8_compatible_requantized,10,2088,100000,421,71623,0.20162835249042146,0.71623,0.021394601237674053,0.6832823417499811,1593,36,0.022598870056497175,21,0.9980564117431641,1,380
mlp_int8_stale_input_quantization,10,2088,100000,22,69134,0.01053639846743295,0.69134,0.01382743659137519,0.689543771242858,1593,22,0.013810420590081607,5,0.8154802322387695,0,0
mlp_int8_stale_integer_threshold_code,8,2088,100000,24,73658,0.011494252873563218,0.73658,0.015084476281500208,0.7272582159221866,1593,24,0.015065913370998116,5,0.8154802322387695,0,0
mlp_int8_stale_scaler,10,2088,100000,17,68255,0.008141762452107279,0.68255,0.010684837366062646,0.6762600385487523,1593,17,0.010671688637790333,5,0.8154802322387695,0,0
mlp_int8_stale_scaler_threshold,12,2088,100000,15,40426,0.007183908045977011,0.40426,0.00942779767593763,0.26710911770510176,1593,15,0.009416195856873822,5,0.8154802322387695,0,0
mlp_int8_stale_threshold,12,2088,100000,14,69936,0.006704980842911878,0.69936,0.008799277830875122,0.6718221660963907,1593,14,0.008788449466415568,5,0.8154802322387695,0,0
B_original,10,2088,100000,19,73531,0.009099616858237548,0.73531,0.011941877056187664,0.7253605398230286,1593,19,0.011927181418706842,5,0.8154802322387695,0,0
export_per_tensor_transferred,10,2088,100000,421,71623,0.20162835249042146,0.71623,0.021394601237674053,0.6832823417499811,1593,36,0.022598870056497175,21,0.9980564117431641,1,380
export_per_tensor_recalibrated,22,2088,100000,1,23933,0.0004789272030651341,0.23933,0.0006285198450625086,0.06674739476329658,1593,1,0.0006277463904582549,21,0.9980564117431641,0,0
export_per_channel_transferred,10,2088,100000,419,72198,0.2006704980842912,0.72198,0.020137561547549036,0.6918592400249156,1593,34,0.021343377275580666,20,0.997385561466217,1,380
export_per_channel_recalibrated,21,2088,100000,0,23564,0.0,0.23564,0.0,0.06097965480837549,1593,0,0.0,20,0.997385561466217,0,0
