reference,candidate,rows,changed,changed_fraction,normal_rows,attack_rows,normal_changed,attack_changed,reference_normal_candidate_attack,reference_attack_candidate_normal,both_normal,both_attack
B_F32,B_I8,102088,4883,0.047831282814826424,2088,100000,9,4874,2230,2653,25885,71320
B_F32,maxabs_transferred,102088,10341,0.10129496120993653,2088,100000,405,9936,4206,6135,23909,67838
B_I8,maxabs_transferred,102088,6692,0.06555128908392759,2088,100000,406,6286,2593,4099,25945,69451
B_F32,maxabs_recalibrated,102088,50057,0.4903318705430609,2088,100000,19,50038,9,50048,28106,23925
B_I8,maxabs_recalibrated,102088,49702,0.4868544784891466,2088,100000,18,49684,43,49659,28495,23891
B_F32,per_channel_transferred,102088,10266,0.10056030091685604,2088,100000,407,9859,4455,5811,23660,68162
B_I8,per_channel_transferred,102088,6637,0.06501253820233524,2088,100000,404,6233,2852,3785,25686,69765
B_F32,per_channel_recalibrated,102088,50423,0.49391701277329364,2088,100000,20,50403,7,50416,28108,23557
B_I8,per_channel_recalibrated,102088,50070,0.4904592116605282,2088,100000,19,50051,42,50028,28496,23522
B_F32,percentile999_transferred,102088,3863,0.037839902828931904,2088,100000,7,3856,46,3817,28069,70156
B_I8,percentile999_transferred,102088,7490,0.07336807460230389,2088,100000,8,7482,2071,5419,26467,68131
B_F32,percentile999_recalibrated,102088,3029,0.02967048036987697,2088,100000,5,3024,351,2678,27764,71295
B_I8,percentile999_recalibrated,102088,7606,0.07450434918893503,2088,100000,8,7598,2851,4755,25687,68795
